id,nombre
1,Aamir Bashir
2,Aamir Khan
3,Aaron Eckhart
4,Aaron Sorkin
5,Aaron Taylor-Johnson
6,Abdel Ahmed Ghili
7,Abdellatif Kechiche
8,Abhay Deol
9,Abhishek Chaubey
10,Abhishek Kapoor
11,Abigail Breslin
12,Abraham Attah
13,Adam Baldwin
14,Adam Driver
15,Adam Elliot
16,Adam McKay
17,Adel Bencherif
18,Adèle Exarchopoulos
19,Adèle Haenel
20,Adesh Prasad
21,Adil Hussain
22,Aditya Chopra
23,Aditya Dhar
24,Adolphe Menjou
25,Adrian Molina
26,Adrien Brody
27,Agnes Moorehead
28,Ahmet Mümtaz Taylan
29,Ahna Capri
30,Ahney Her
31,Aidan Gillen
32,Aitana Sánchez-Gijón
33,Ajay Devgn
34,Ajay Naidu
35,Akemi Yamaguchi
36,Aki Maeda
37,Akihiro Miwa
38,Akio Ôtsuka
39,Akira Ishihama
40,Akira Kurosawa
41,Akira Terao
42,Akshay Kumar
43,Akshaye Khanna
44,Al Ernest Garcia
45,Al Pacino
46,Alain Delon
47,Alain Resnais
48,Alakina Mann
49,Alan Alda
50,Alan Arkin
51,Alan Badel
52,Alan J. Pakula
53,Alan Mak
54,Alan Parker
55,Alan Randolph Scott
56,Alan Rickman
57,Alan Ruck
58,Alan Tudyk
59,Albert Brooks
60,Albert Finney
61,Albert Rémy
62,Alberto Ammann
63,Aldo Giuffrè
64,Aldo Silvani
65,Alec Baldwin
66,Alec Cawthorne
67,Alec Guinness
68,Alec Secareanu
69,Alejandro Amenábar
70,Alejandro G. Iñárritu
71,Alejandro Jodorowsky
72,Aleksandr Antonov
73,Aleksandr Kaydanovskiy
74,Aleksey Kravchenko
75,Aleksey Rozin
76,Aleksey Serebryakov
77,Alex Garland
78,Alex Palmer
79,Alex Proyas
80,Alex Sharp
81,Alexander Gould
82,Alexander Granach
83,Alexander Mackendrick
84,Alexander Payne
85,Alexandra Maria Lara
86,Alexandre Rignault
87,Alexandre Rodrigues
88,Alexandre Tharaud
89,Alexandru Potocean
90,Alfonso Cuarón
91,Alfonso Gomez-Rejon
92,Alfred Abel
93,Alfred Hitchcock
94,Ali Mosaffa
95,Alia Bhatt
96,Alicia Vikander
97,Alida Valli
98,Alisa Freyndlikh
99,Alison Crosbie
100,Alison Doody
101,Alison Whelan
102,Allen Garfield
103,Allen Leech
104,Allison Williams
105,Ally Sheedy
106,Altan Erkekli
107,Álvaro Guerrero
108,America Ferrera
109,Amir Farrokh Hashemian
110,Amira Casar
111,Amit Ravindernath Sharma
112,Amit Sadh
113,Amitabh Bachchan
114,Amjad Khan
115,Amole Gupte
116,Amrish Puri
117,Amrita Puri
118,Amy Adams
119,Amy Poehler
120,Amy Ryan
121,Amy Smart
122,Ana de Armas
123,Ana López Mercado
124,Ana Wagener
125,Anamaria Marinca
126,Anand Gandhi
127,Ananda George
128,Anatoliy Solonitsyn
129,Anders Thomas Jensen
130,Andie MacDowell
131,André Berley
132,André Ramiro
133,André S. Labarthe
134,Andrea Eckert
135,Andrea Riseborough
136,Andrea Tariang
137,Andreas Wilson
138,Andrei Tarkovsky
139,Andrew Adamson
140,Andrew Adote
141,Andrew Davis
142,Andrew Garfield
143,Andrew Kevin Walker
144,Andrew Lau
145,Andrew Marton
146,Andrew Niccol
147,Andrew Philpot
148,Andrew Robinson
149,Andrew Shim
150,Andrew Stanton
151,Andrey Zvyagintsev
152,Andy Devine
153,Andy Garcia
154,Andy Lau
155,Andy Serkis
156,Aneesh Chaganty
157,Ang Lee
158,Angela Bassett
159,Angela Lansbury
160,Angelina Jolie
161,Angie Dickinson
162,Angus Macfadyen
163,Anil Dhawan
164,Aniruddha Roy Chowdhury
165,Anita Ekberg
166,Anjelica Huston
167,Ann Dvorak
168,Ann Owens
169,Ann Reinking
170,Anna Faris
171,Anna Foglietta
172,Anna Karina
173,Anna Kendrick
174,Anna Massey
175,Annalise Basso
176,Anne Bancroft
177,Anne Baxter
178,Anne Dorval
179,Anne Hathaway
180,Anne Le Ny
181,Anne-Marie Duff
182,Annette Bening
183,Annie Corley
184,Annie Potts
185,Annika Wedderkopp
186,Annu Kapoor
187,Anouk Aimée
188,Ansel Elgort
189,Ansiba
190,Anthony Chau-Sang Wong
191,Anthony Edwards
192,Anthony Gonzalez
193,Anthony Harvey
194,Anthony Hopkins
195,Anthony Michael Hall
196,Anthony Perkins
197,Anthony Quinn
198,Anthony Russo
199,Antoine Fuqua
200,Antoine Olivier Pilon
201,Anton Corbijn
202,Anton Walbrook
203,Antonella Attili
204,Antonia San Juan
205,Antonio Banderas
206,Antonio Resines
207,Anupam Kher
208,Anurag Basu
209,Anurag Kashyap
210,Anushka Sharma
211,Anushka Shetty
212,Aoi Miyazaki
213,Aoi Yûki
214,Aparna Balamurali
215,Aras Bulut Iynemli
216,Archana Jois
217,Ariadna Gil
218,Ariane Labed
219,Arifin Putra
220,Armando Brancia
221,Armie Hammer
222,Armin Mueller-Stahl
223,Arno Frisch
224,Arnold Lucy
225,Arnold Schwarzenegger
226,Arshad Warsi
227,Art LaFleur
228,Art Malik
229,Art Parkinson
230,Arthur O'Connell
231,Arthur Penn
232,Arthur Rosson
233,Artyom Bogucharskiy
234,Asa Butterfield
235,Asaka Seto
236,Asghar Farhadi
237,Ash Brannon
238,Asha Sharath
239,Ashton Kutcher
240,Ashutosh Gowariker
241,Atsuko Tanaka
242,Audrey Hepburn
243,Audrey Tautou
244,Auli'i Cravalho
245,Aura Garrido
246,Aurélien Recoing
247,Aurore Clément
248,Aya Okamoto
249,Ayami Kakiuchi
250,Ayano Shiraishi
251,Ayberk Pekcan
252,Ayesha Kapoor
253,Ayushmann Khurrana
254,Azhy Robertson
255,Babak Karimi
256,Bae Doona
257,Bahar Pars
258,Bahare Seddiqi
259,Bajram Severdzan
260,Baki Davrak
261,Barbara Bel Geddes
262,Barbara Hershey
263,Bárbara Lennie
264,Barbara Stanwyck
265,Baris Bagci
266,Barkhad Abdi
267,Barkhad Abdirahman
268,Barry Bostwick
269,Barry Cook
270,Barry Fitzgerald
271,Barry Humphries
272,Barry Keoghan
273,Barry Levinson
274,Barry Pepper
275,Basil Rathbone
276,BD Wong
277,Beau Billingslea
278,Bee Vang
279,Belén Rueda
280,Ben Affleck
281,Ben Burtt
282,Ben Foster
283,Ben Gazzara
284,Ben Hardy
285,Ben Johnson
286,Ben Kingsley
287,Ben Stiller
288,Ben Whishaw
289,Benedict Cumberbatch
290,Bengt Ekerot
291,Benicio Del Toro
292,Benjamin Bratt
293,Bennett Miller
294,Benno Fürmann
295,Benoît Régent
296,Bérénice Bejo
297,Bernard-Pierre Donnadieu
298,Bernardo Bertolucci
299,Bernhard Wicki
300,Bertil Guve
301,Bette Davis
302,Beverly D'Angelo
303,Bibi Andersson
304,Biff McGuire
305,Bill Bernstein
306,Bill Hader
307,Bill McKinney
308,Bill Murray
309,Bill Nighy
310,Bill Nunn
311,Bill Paxton
312,Bill Pullman
313,Bill Sage
314,Billy Bob Thornton
315,Billy Connolly
316,Billy Crudup
317,Billy Crystal
318,Billy Dee Williams
319,Billy Wilder
320,Billy Zane
321,Birgitta Pettersson
322,Birgitta Valberg
323,Birol Ünel
324,Björk
325,Blake Edwards
326,Bo Hopkins
327,Boaz Yakin
328,Bob Balaban
329,Bob Clark
330,Bob Fosse
331,Bob Gale
332,Bob Geldof
333,Bob Gunton
334,Bob Hoskins
335,Bob Odenkirk
336,Bob Persichetti
337,Bob Peterson
338,Bobby Cannavale
339,Bodil Rosing
340,Boluwatife Treasure Bankole
341,Boman Irani
342,Bong Joon Ho
343,Bonnie Bedelia
344,Bonnie Hunt
345,Bora Todorovic
346,Boris Karloff
347,Börje Ahlstedt
348,Boyd Holbrook
349,Boyd Kirkland
350,Brad Anderson
351,Brad Bird
352,Brad Davis
353,Brad Dourif
354,Brad Garrett
355,Brad Pitt
356,Bradley Cooper
357,Bradley Whitford
358,Brady Corbet
359,Brahim Hadjadj
360,Branka Katic
361,Branko Djuric
362,Brenda Blethyn
363,Brenda Fricker
364,Brendan Gleeson
365,Bria Vinaite
366,Brian Cox
367,Brian De Palma
368,Brian Dennehy
369,Brian G. Hutton
370,Brian Henson
371,Brian Howe
372,Brian O'Halloran
373,Brian Tyler
374,Bridget Moynahan
375,Brie Larson
376,Brigitte Helm
377,Brigitte Lin
378,Brooke Adams
379,Brooklynn Prince
380,Bruce Bennett
381,Bruce Cabot
382,Bruce Campbell
383,Bruce Davison
384,Bruce Dern
385,Bruce Lee
386,Bruce Reitherman
387,Bruce Robinson
388,Bruce Spence
389,Bruce Willis
390,Bruno Ganz
391,Bruno Kirby
392,Bruno Zanin
393,Bryan Cranston
394,Bryan Singer
395,Bryce Dallas Howard
396,Bud Cort
397,Buddy Ebsen
398,Bulle Ogier
399,Bunshi Katsura Vi
400,Burak Yigit
401,Burl Ives
402,Burt Lancaster
403,Burt Reynolds
404,Burt Young
405,Buster Keaton
406,Buzz Kilman
407,Byron Barr
408,Byron Howard
409,Cab Calloway
410,Çagan Irmak
411,Caio Junqueira
412,Caitriona Balfe
413,Caleb Landry Jones
414,Callan McAuliffe
415,Cameron Crowe
416,Cameron Diaz
417,Can Ulkay
418,Candela Peña
419,Carey Mulligan
420,Carice van Houten
421,Carl Benton Reid
422,Carl Miller
423,Carl Möhner
424,Carl Theodor Dreyer
425,Carl Weathers
426,Carla Gugino
427,Carla Quevedo
428,Carlo Buccirosso
429,Carlo Verdone
430,Carlos Martínez López
431,Carlos Peralta
432,Carol Kane
433,Carol Reed
434,Carole Lombard
435,Caroline Goodall
436,Carrie Fisher
437,Carrie Henn
438,Carrie-Anne Moss
439,Carroll Baker
440,Carroll O'Connor
441,Cary Elwes
442,Cary Grant
443,Cary Joji Fukunaga
444,Cary-Hiroyuki Tagawa
445,Casey Affleck
446,Cate Blanchett
447,Catherine Deneuve
448,Catherine Keener
449,Catherine O'Hara
450,Cathy Moriarty
451,Cathy Rosier
452,Catinca Untaru
453,Cecil B. DeMille
454,Cecil Parker
455,Cecilia Roth
456,Celeste Holm
457,Celia Johnson
458,Celile Toyon Uysal
459,Céline Sciamma
460,Cem Yilmaz
461,Çetin Tekindor
462,Chan-wook Park
463,Charles Bronson
464,Charles Chaplin
465,Charles Durning
466,Charles Fleischer
467,Charles Laughton
468,Charles Martin Smith
469,Charles Ruggles
470,Charles Vanel
471,Charles Vidor
472,Charley Grapewin
473,Charlie Cox
474,Charlie Hunnam
475,Charlie Kaufman
476,Charlie Pye Jr.
477,Charlie Sheen
478,Charlie Yeung
479,Charlize Theron
480,Charlotte Rampling
481,Charlton Heston
482,Chase Ellison
483,Chazz Palminteri
484,Chen Chang
485,Chete Lera
486,Chiara Mastroianni
487,Chico Marx
488,Chief Dan George
489,Chieko Baishô
490,Chieko Higashiyama
491,Chika Sakamoto
492,Chishû Ryû
493,Chiwetel Ejiofor
494,Chloë Grace Moretz
495,Cho Jin-woong
496,Cho Yeo-jeong
497,Choi Min-sik
498,Choi Woo-sik
499,Chris Columbus
500,Chris Cooper
501,Chris Elliott
502,Chris Evans
503,Chris Hemsworth
504,Chris O'Donnell
505,Chris Owen
506,Chris Penn
507,Chris Pine
508,Chris Pratt
509,Chris Renaud
510,Chris Sanders
511,Chris Sarandon
512,Chris Williams
513,Christian Bale
514,Christian Berkel
515,Christian Carion
516,Christian Friedel
517,Christian Slater
518,Christina Hendricks
519,Christine Hargreaves
520,Christoph Waltz
521,Christophe Barratier
522,Christopher Adamson
523,Christopher Carley
524,Christopher Eccleston
525,Christopher Guest
526,Christopher Heyerdahl
527,Christopher Lloyd
528,Christopher McQuarrie
529,Christopher Miller
530,Christopher Mintz-Plasse
531,Christopher Nolan
532,Christopher Plummer
533,Christopher Reeve
534,Christopher Rivera
535,Christopher Walken
536,Chulpan Khamatova
537,Ciarán Hinds
538,Cillian Murphy
539,Claire Bloom
540,Claire Danes
541,Claire Maurier
542,Claire Rushbrook
543,Claire Trevor
544,Clark Gable
545,Claude Rains
546,Claudette Colbert
547,Claudia Cardinale
548,Cleavon Little
549,Clifton Powell
550,Clifton Webb
551,Clint Eastwood
552,Clive Owen
553,Clyde Bruckman
554,Coleen Gray
555,Colin Clive
556,Colin Farrell
557,Colin Firth
558,Colm Feore
559,Connie Nielsen
560,Conrad Veidt
561,Corey Feldman
562,Corey Hawkins
563,Cori Gonzalez-Macuer
564,Craig Bierko
565,Craig Ferguson
566,Craig Parkinson
567,Craig T. Nelson
568,Crispin Glover
569,Cristian Mungiu
570,Cuba Gooding Jr.
571,Cuifen Cao
572,Curt Bois
573,Curtis Hanson
574,Cy Endfield
575,Cybill Shepherd
576,Cyril Cusack
577,Dafne Keen
578,Daisuke Ryû
579,Daisy Ridley
580,Dakota Fanning
581,Dakota Johnson
582,Dalia Hernández
583,Damian Chapa
584,Damián Szifron
585,Damien Chazelle
586,Dan Aykroyd
587,Dan Gilroy
588,Dan Hedaya
589,Dan Hicks
590,Dan Riba
591,Dana Andrews
592,Dana Wynter
593,Danai Gurira
594,Daniel Boulanger
595,Daniel Brühl
596,Daniel Craig
597,Daniel Day-Lewis
598,Daniel Giménez Cacho
599,Daniel Kaluuya
600,Daniel Mays
601,Daniel Monzón
602,Daniel Prévost
603,Daniel Radcliffe
604,Daniel Richter
605,Daniel Stern
606,Danielle Proulx
607,Danis Tanovic
608,Danny Aiello
609,Danny Boyle
610,Danny Denzongpa
611,Danny Elfman
612,Danny Glover
613,Danny Huston
614,Danny Lee
615,Danny Lloyd
616,Dara Singh
617,Darío Grandinetti
618,Darius Marder
619,Darren Aronofsky
620,Darren McGavin
621,Darryl F. Zanuck
622,Darsheel Safary
623,Daryl Hannah
624,Dave Bautista
625,Dave Goelz
626,Dave Johns
627,Daveigh Chase
628,David Ayer
629,David Carradine
630,David Cronenberg
631,David Della Rocco
632,David Emge
633,David Fincher
634,David Hand
635,David Hemmings
636,David Herman
637,David James
638,David Lean
639,David Lee Smith
640,David Leitch
641,David Lynch
642,David Mackenzie
643,David Mickey Evans
644,David Morse
645,David O. Russell
646,David Rawle
647,David Silverman
648,David Thewlis
649,David Tomlinson
650,David Wenham
651,David Yates
652,David Zucker
653,Davor Dujmovic
654,Dean DeBlois
655,Dean Martin
656,Dean Stockwell
657,Dean-Charles Chapman
658,Debbie Reynolds
659,Deborah Kara Unger
660,Deborah Kerr
661,Debra Messing
662,Dee Wallace
663,DeForest Kelley
664,Del Negro
665,Delphine Seyrig
666,Delroy Lindo
667,Demet Akbag
668,Demi Moore
669,Denholm Elliott
670,Denis Villeneuve
671,Deniz Baysal
672,Deniz Gamze Ergüven
673,Dennis Farina
674,Dennis Gansel
675,Dennis Hopper
676,Dennis Price
677,Dennis Quaid
678,Denzel Washington
679,Derek Jacobi
680,Destin Daniel Cretton
681,Dev Patel
682,Dexter Fletcher
683,Dharmendra
684,Diahnne Abbott
685,Diane Keaton
686,Diane Kruger
687,Diane Ladd
688,Diane Venora
689,Dianne Wiest
690,Dibyendu Bhattacharya
691,Dick Hogan
692,Dick Van Dyke
693,Dick York
694,Diego Cortina Autrey
695,Diego Luna
696,Diego Starosta
697,Diljit Dosanjh
698,Disha Patani
699,Dita Parlo
700,Djimon Hounsou
701,Doga Zeynep Doguslu
702,Dolly Ahluwalia
703,Dolores Moran
704,Domhnall Gleeson
705,Dominic West
706,Dominique Blanchar
707,Dominique McElligott
708,Dominique Pinon
709,Don Cheadle
710,Don Gordon
711,Don Hall
712,Don Rickles
713,Don Siegel
714,Don Taylor
715,Donald O'Connor
716,Donald Pleasence
717,Donald Sutherland
718,Donatas Banionis
719,Donna Murphy
720,Donna Reed
721,Donnie Yen
722,Donny Alamsyah
723,Dorian Gray
724,Dorota Kobiela
725,Dorothy Comingore
726,Dorothy Duffy
727,Dorsey Wright
728,Doug Liman
729,Doug McKeon
730,Douglas Booth
731,Drew Barrymore
732,Duane Jones
733,Duncan Jones
734,Dustin Hoffman
735,Dwight Yoakam
736,Dylan Baker
737,Ed Harris
738,Ed Helms
739,Ed Skrein
740,Eddie Albert
741,Eddie Murphy
742,Eddie Redmayne
743,Edgar Ramírez
744,Edgar Wright
745,Edmond O'Brien
746,Edmund Goulding
747,Edmund Gwenn
748,Edna Purviance
749,Edoardo Leo
750,Eduard Abalov
751,Eduardo Noriega
752,Edward Arnold
753,Edward Asner
754,Edward Burns
755,Edward Fox
756,Edward Furlong
757,Edward G. Robinson
758,Edward James Olmos
759,Edward Norton
760,Edward Zwick
761,Efrem Zimbalist Jr.
762,Ege Tanman
763,Eiji Okada
764,Eijirô Tôno
765,Eiko Masuyama
766,Eileen Walsh
767,Eiza González
768,Eleanor Bron
769,Eleanor David
770,Eleanor Parker
771,Elem Klimov
772,Elena Altieri
773,Elena Anaya
774,Elena Lyadova
775,Eli Marienthal
776,Eli Roth
777,Eli Wallach
778,Elia Kazan
779,Elijah Smith
780,Elijah Wood
781,Elisabeth Shue
782,Elissa Knight
783,Elit Iscan
784,Eliza Scanlen
785,Elizabeth Banks
786,Elizabeth Berridge
787,Elizabeth Berrington
788,Elizabeth McGovern
789,Elizabeth Taylor
790,Ellar Coltrane
791,Ellen Burstyn
792,Ellen Crawford
793,Ellen DeGeneres
794,Ellen Widmann
795,Elliot Page
796,Elliott Gould
797,Elmo Nüganen
798,Elpidia Carrillo
799,Elsa Lanchester
800,Elya Baskin
801,Emeric Pressburger
802,Emi Shinohara
803,Emile Hirsch
804,Émile Vallée
805,Emilia Fox
806,Emilio Echevarría
807,Emilio Estevez
808,Emily Blunt
809,Emily Mortimer
810,Emily Watson
811,Emir Kusturica
812,Emma Stone
813,Emma Thompson
814,Emma Watson
815,Emmanuel Affadzi
816,Emmanuelle Riva
817,Emmanuelle Seigner
818,Emmy Rossum
819,Enrique Castillo
820,Enrique Rambal
821,Enzo Cannavale
822,Enzo Staiola
823,Enzo Tarascio
824,Erdem Can
825,Eric Bana
826,Eric Baugin
827,Eric Bress
828,Eric Idle
829,Eric Radomski
830,Eric Schweig
831,Eric Sykes
832,Éric Toledano
833,Erich von Stroheim
834,Ericson Core
835,Ernest B. Schoedsack
836,Ernest Borgnine
837,Ernst Jacobi
838,Ernst Lubitsch
839,Errol Flynn
840,Erwin Connelly
841,Ethan Coen
842,Ethan Hawke
843,Eugene Silvain
844,Eun-ju Lee
845,Eva Green
846,Eva Marie Saint
847,Evan McGuire
848,Evan Rachel Wood
849,Evgeniy Zharikov
850,Ewa Fröling
851,Ewan McGregor
852,Ewen Bremner
853,Ezra Miller
854,F. Gary Gray
855,F. Murray Abraham
856,F.W. Murnau
857,Fabián Bielinsky
858,Famke Janssen
859,Farhan Akhtar
860,Farida Jalal
861,Farley Granger
862,Fatih Akin
863,Fatima Sana Shaikh
864,Fay Wray
865,Faye Dunaway
866,Faye Wong
867,Federico Fellini
868,Fele Martínez
869,Felicity Jones
870,Felix Bressart
871,Felix van Groeningen
872,Fengyi Zhang
873,Ferdia Walsh-Peelo
874,Fernanda Montenegro
875,Fernando Meirelles
876,Fernando Rey
877,Fikret Kuskan
878,Filip Berg
879,Filip Sovagovic
880,Filipp Yankovskiy
881,Fionn Whitehead
882,Fionnula Flanagan
883,Florence Lee
884,Florence Pugh
885,Florian Henckel von Donnersmarck
886,Florian Lukas
887,Florijan Ajdini
888,Folco Lulli
889,Ford Beebe Jr.
890,Forest Whitaker
891,Franca Marzi
892,Frances Conroy
893,Frances McDormand
894,Frances Sternhagen
895,Francine Racette
896,Francis Capra
897,Francis Ford Coppola
898,Francis Huster
899,Francis Lee
900,Francis Veber
901,François Berléand
902,François Cluzet
903,François Périer
904,François Truffaut
905,Frank Adu
906,Frank Capra
907,Frank Darabont
908,Frank Finlay
909,Frank Giering
910,Frank Langella
911,Frank Lovejoy
912,Frank Miller
913,Frank Morgan
914,Frank Overton
915,Frank Oz
916,Frank Paur
917,Frank Sinatra
918,Frank Vincent
919,Franka Potente
920,Franklin J. Schaffner
921,Frantz Turner
922,Franz Rogowski
923,Fred MacMurray
924,Fred Willard
925,Fred Zinnemann
926,Frederic Forrest
927,Frederick Lau
928,Frédérique Feder
929,Fredric March
930,Freida Pinto
931,Friedrich Feher
932,Fritz Lang
933,Gabriel Byrne
934,Gabriele Ferzetti
935,Gabriele Muccino
936,Gabrielle Anwar
937,Gael García Bernal
938,Gajraj Rao
939,Gareth Edwards
940,Gareth Evans
941,Garrett M. Brown
942,Garth Davis
943,Gary Busey
944,Gary Cooper
945,Gary Farmer
946,Gary Lockwood
947,Gary Oldman
948,Gary Sinise
949,Gary Stretch
950,Gary Trousdale
951,Gaspard Manesse
952,Gaspard Ulliel
953,Gastón Pauls
954,Gastone Moschin
955,Gattlin Griffith
956,Gauri Shinde
957,Gavin O'Connor
958,Gayatri
959,Gayatri Joshi
960,Gaylen Ross
961,Geert Van Rampelberg
962,Gemma Jones
963,Gena Rowlands
964,Gene Bervoets
965,Gene Hackman
966,Gene Kelly
967,Gene Lockhart
968,Gene Saks
969,Gene Tierney
970,Gene Wilder
971,Geneviève Page
972,Geoffrey Arend
973,Geoffrey Rush
974,George A. Romero
975,George C. Scott
976,George Clooney
977,George Cukor
978,George Harrison
979,George Kennedy
980,George Lucas
981,George MacKay
982,George Macready
983,George Miller
984,George O'Brien
985,George P. Cosmatos
986,George Peppard
987,George Raft
988,George Roy Hill
989,George Sanders
990,George Seaton
991,George Segal
992,George Sluizer
993,George Stevens
994,Georges Adet
995,Georges Franju
996,Georges Siatidis
997,Gerald R. Molen
998,Geraldine Chaplin
999,Gerard Butler
1000,Gerard Hendrick
1001,Gérard Jugnot
1002,Gerardo Taracena
1003,Gerd Oswald
1004,Gerry Robert Byrne
1005,Gert Fröbe
1006,Gian Maria Volontè
1007,Gil Birmingham
1008,Gillian Anderson
1009,Gillo Pontecorvo
1010,Gina Torres
1011,Ginnifer Goodwin
1012,Giorgi Nakashidze
1013,Giorgio Cantarini
1014,Giovanni Ribisi
1015,Giulietta Masina
1016,Giuseppe Battiston
1017,Giuseppe Tornatore
1018,Giustino Durano
1019,Gladys George
1020,Glen Cavender
1021,Glen Hansard
1022,Glenn Ford
1023,Gloria Grahame
1024,Gloria Stuart
1025,Gloria Swanson
1026,Glynis Johns
1027,Godfrey Tearle
1028,Golshifteh Farahani
1029,Gong Li
1030,Gore Verbinski
1031,Gore Vidal
1032,Gorô Naya
1033,Goya Toledo
1034,Grace Kelly
1035,Graciela Tenenbaum
1036,Gracy Singh
1037,Graham Chapman
1038,Graham Greene
1039,Graham Norton
1040,Greg Cruttwell
1041,Greg Grunberg
1042,Greg Kinnear
1043,Gregg Araki
1044,Gregory Hoblit
1045,Gregory Peck
1046,Greta Gerwig
1047,Greta Schröder
1048,Griffin Dunne
1049,Grigoriy Aleksandrov
1050,Groucho Marx
1051,Guillaume Canet
1052,Guillermo del Toro
1053,Günes Sensoy
1054,Gunnar Björnstrand
1055,Gunnel Lindblom
1056,Gus Van Sant
1057,Gustaf Skarsgård
1058,Gustav Fröhlich
1059,Gustav von Wangenheim
1060,Güven Kiraç
1061,Guy Decomble
1062,Guy Hamilton
1063,Guy Pearce
1064,Guy Ritchie
1065,Guylaine Schlumberger
1066,Gwen Eckhaus
1067,Gwilym Lee
1068,Gwyneth Paltrow
1069,Haaz Sleiman
1070,Hailee Steinfeld
1071,Haing S. Ngor
1072,Hal Ashby
1073,Haley Joel Osment
1074,Halina Gryglaszewska
1075,Halina Reijn
1076,Haluk Bilginer
1077,Halvar Björk
1078,Hannes Holm
1079,Hanno Pöschl
1080,Hardy Krüger
1081,Harold Ramis
1082,Harpo Marx
1083,Harriet Andersson
1084,Harrison Ford
1085,Harry Connick Jr.
1086,Harry Crocker
1087,Harry Dean Stanton
1088,Harry Guardino
1089,Harry Myers
1090,Harshaali Malhotra
1091,Hartley Power
1092,Haru Kuroki
1093,Haruo Tanaka
1094,Harvey Keitel
1095,Harvey Korman
1096,Haya Harareet
1097,Hayao Miyazaki
1098,Hayley Squires
1099,Heath Ledger
1100,Hector Elizondo
1101,Hee Jae
1102,Hee-won Kim
1103,Helen Hunt
1104,Helena Bonham Carter
1105,Helena Rojo
1106,Helmut Griem
1107,Helmut Qualtinger
1108,Hemendra Dandotiya
1109,Henning Moritzen
1110,Henri Serre
1111,Henri-Georges Clouzot
1112,Henri-Jacques Huet
1113,Henrik Dahl
1114,Henrik Lundström
1115,Henry Bergman
1116,Henry Cavill
1117,Henry Fonda
1118,Henry Koster
1119,Henry Selick
1120,Henry Thomas
1121,Henry Travers
1122,Herb Edelman
1123,Herbert Grönemeyer
1124,Herbert Knaup
1125,Herbert Lom
1126,Hiam Abbass
1127,Hideaki Anno
1128,Hidetoshi Nishijima
1129,Hilary Swank
1130,Hirokazu Koreeda
1131,Hiromasa Yonebayashi
1132,Hiroyuki Okiura
1133,Hisako Kyôda
1134,Hitoshi Takagi
1135,Ho-jin Chun
1136,Holly Hunter
1137,Holmes Osborne
1138,Hong-jin Na
1139,Honor Blackman
1140,Horacio Salinas
1141,Howard Da Silva
1142,Howard Hawks
1143,Hrishikesh Mukherjee
1144,Hrithik Roshan
1145,Hubert Koundé
1146,Hubertus Bengsch
1147,Huck Milner
1148,Hudhail Al-Amir
1149,Hugh Bonneville
1150,Hugh Grant
1151,Hugh Jackman
1152,Hugh Marlowe
1153,Hugh Walsh
1154,Hugh Welchman
1155,Hugo Silva
1156,Hugo Weaving
1157,Hümeyra
1158,Humphrey Bogart
1159,Husnija Hasimovic
1160,Hye-ja Kim
1161,Hyeong-jin Kong
1162,Hyuk-ho Kwon
1163,Iain Rea
1164,Ian Hart
1165,Ian Hendry
1166,Ian Holm
1167,Ian McKellen
1168,Ida Engvoll
1169,Iemasa Kayumi
1170,Ignat Daniltsev
1171,Iko Uwais
1172,Ileana D'Cruz
1173,Ilker Kizmaz
1174,Imelda Staunton
1175,Imtiaz Ali
1176,In-mun Kim
1177,Indraneil Sengupta
1178,Inge Landgut
1179,Ingmar Bergman
1180,Ingrid Bergman
1181,Ingrid Thulin
1182,Irandhir Santos
1183,Irène Jacob
1184,Irene Miracle
1185,Irene Papas
1186,Irrfan Khan
1187,Irvin Kershner
1188,Irving Metzman
1189,Isa Danieli
1190,Isaac Hayes
1191,Isabella Rossellini
1192,Isabelle Adjani
1193,Isabelle Huppert
1194,Isao Takahata
1195,Ismail Hacioglu
1196,Issey Takahashi
1197,Isuzu Yamada
1198,Ivan Bobrov
1199,Ivan Dobronravov
1200,Ivan Lapikov
1201,Ivan Reitman
1202,Ivana Baquero
1203,Izabela Vidovic
1204,J. Lee Thompson
1205,J. Mackye Gruber
1206,J.D. Cannon
1207,J.J. Abrams
1208,J.K. Simmons
1209,J.T. Walsh
1210,Jack Albertson
1211,Jack Benny
1212,Jack Carson
1213,Jack Clayton
1214,Jack Hawkins
1215,Jack Kehoe
1216,Jack Lemmon
1217,Jack McBrayer
1218,Jack Nicholson
1219,Jack Oakie
1220,Jack Reynor
1221,Jack Thibeau
1222,Jack Warden
1223,Jacki Weaver
1224,Jackie Coogan
1225,Jackie Earle Haley
1226,Jackie Gleason
1227,Jaco Van Dormael
1228,Jacob Tremblay
1229,Jacqueline Andere
1230,Jacques Audiard
1231,Jacques Tourneur
1232,Jacques Villeret
1233,Jaden Smith
1234,Jae Head
1235,Jae-ho Song
1236,Jae-young Kwak
1237,Jake Gyllenhaal
1238,Jake Johnson
1239,James Algar
1240,James Booth
1241,James Caan
1242,James Cagney
1243,James Cameron
1244,James Coburn
1245,James Cromwell
1246,James Dean
1247,James Doohan
1248,James Earl Jones
1249,James Fleet
1250,James Foley
1251,James Frawley
1252,James Garner
1253,James Gleason
1254,James Gunn
1255,James Ivory
1256,James L. Brooks
1257,James Laurenson
1258,James Mangold
1259,James Marsden
1260,James Marsh
1261,James Mason
1262,James McAvoy
1263,James McTeigue
1264,James Rebhorn
1265,James Remar
1266,James Simone
1267,James Stewart
1268,James Wan
1269,James Whale
1270,James Woods
1271,Jamie Bell
1272,Jamie Chung
1273,Jamie Draven
1274,Jamie Foxx
1275,Jamie Lee Curtis
1276,Jan Cornet
1277,Jan Josef Liefers
1278,Jan Pinkava
1279,Jan Sterling
1280,Jane Adams
1281,Jane Alexander
1282,Jane Darwell
1283,Jane Fonda
1284,Jane Galloway Heitz
1285,Jane Greer
1286,Jane Lynch
1287,Jane Wyman
1288,Janelle Monáe
1289,Janet Gaynor
1290,Janet Leigh
1291,Jang Dong-Gun
1292,Janine Darcey
1293,Janusz Gajos
1294,Jared Bush
1295,Jared Gilman
1296,Jared Leto
1297,Jason Bateman
1298,Jason Cope
1299,Jason Flemyng
1300,Jason Lee
1301,Jason London
1302,Jason Mitchell
1303,Jason Patric
1304,Jason Robards
1305,Jason Schwartzman
1306,Jason Segel
1307,Jason Statham
1308,Javier Bardem
1309,Javier Cámara
1310,Jay Baruchel
1311,Jay C. Flippen
1312,Jaya Bachchan
1313,JB Blanc
1314,Je-kyu Kang
1315,Je-mun Yun
1316,Jean Arthur
1317,Jean Dujardin
1318,Jean Gabin
1319,Jean Heywood
1320,Jean Martin
1321,Jean Reno
1322,Jean Renoir
1323,Jean Seberg
1324,Jean Servais
1325,Jean Simmons
1326,Jean Sorel
1327,Jean Topart
1328,Jean-Baptiste Maunier
1329,Jean-Claude Donda
1330,Jean-Jacques Annaud
1331,Jean-Louis Trintignant
1332,Jean-Luc Godard
1333,Jean-Marc Barr
1334,Jean-Marc Vallée
1335,Jean-Paul Belmondo
1336,Jean-Pierre Jeunet
1337,Jean-Pierre Léaud
1338,Jean-Pierre Lorit
1339,Jean-Pierre Melville
1340,Jeanne Bates
1341,Jeanne Moreau
1342,Jee-woon Kim
1343,Jeethu Joseph
1344,Jeff Anderson
1345,Jeff Bridges
1346,Jeff Cohen
1347,Jeff Daniels
1348,Jeff Garlin
1349,Jeff Goldblum
1350,Jeffrey Ho
1351,Jeffrey Hunter
1352,Jeffrey Jones
1353,Jeffrey Wright
1354,Jemaine Clement
1355,Jena Malone
1356,Jennifer Aniston
1357,Jennifer Connelly
1358,Jennifer Drake
1359,Jennifer Garner
1360,Jennifer Jason Leigh
1361,Jennifer Lawrence
1362,Jennifer Lien
1363,Jennifer Morrison
1364,Jennifer Saunders
1365,Jennifer Ulrich
1366,Jeon Gook-Hwan
1367,Jeong-beom Lee
1368,Jeremy Irons
1369,Jeremy Renner
1370,Jeremy Strong
1371,Jerome Flynn
1372,Jerry Lewis
1373,Jerry Nelson
1374,Jerry O'Connell
1375,Jerry Zucker
1376,Jerzy Stuhr
1377,Jesse Borrego
1378,Jesse Corti
1379,Jesse Eisenberg
1380,Jessica Biel
1381,Jessica Chastain
1382,Jessica Lange
1383,Jessica Tandy
1384,Jessie Nelson
1385,Jessie Royce Landis
1386,Jet Li
1387,Ji-Eun Lim
1388,Jim Abrahams
1389,Jim Backus
1390,Jim Carrey
1391,Jim Caviezel
1392,Jim Henson
1393,Jim Jarmusch
1394,Jim Kelly
1395,Jim Sheridan
1396,Jim Sturgess
1397,Jim Varney
1398,Jimmy Sheirgill
1399,Jin Goo
1400,Jin-mo Joo
1401,Jingwu Ma
1402,Jinpachi Nezu
1403,Jo Hartley
1404,Jo Van Fleet
1405,Joan Allen
1406,Joan Chen
1407,Joan Crawford
1408,Joan Cusack
1409,Joan Fontaine
1410,Joan Greenwood
1411,Joanna Cassidy
1412,Joanne Dru
1413,Joaquin Phoenix
1414,Jodi Benson
1415,Jodie Foster
1416,Joe Johnston
1417,Joe Keaton
1418,Joe Pantoliano
1419,Joe Pesci
1420,Joe Russo
1421,Joe Wright
1422,Joel Basman
1423,Joel Coen
1424,Joel Edgerton
1425,Joel Grey
1426,Joel Schumacher
1427,Johan Heldenbergh
1428,Johanna ter Steege
1429,John Belushi
1430,John Billingsley
1431,John Boles
1432,John Boorman
1433,John Boyega
1434,John Buckwalter
1435,John C. Reilly
1436,John Cameron Mitchell
1437,John Candy
1438,John Carney
1439,John Carpenter
1440,John Carradine
1441,John Cassavetes
1442,John Castle
1443,John Cazale
1444,John Cho
1445,John Cleese
1446,John Cusack
1447,John Dall
1448,John Fiedler
1449,John Ford
1450,John Frankenheimer
1451,John Fraser
1452,John G. Avildsen
1453,John Gallagher Jr.
1454,John Gavin
1455,John Getz
1456,John Gielgud
1457,John Goodman
1458,John Haycraft
1459,John Heard
1460,John Hillerman
1461,John Hodgman
1462,John Hodiak
1463,John Hubley
1464,John Hughes
1465,John Hurt
1466,John Huston
1467,John Landis
1468,John Lasseter
1469,John Lee Hancock
1470,John Leguizamo
1471,John Lennon
1472,John Lone
1473,John Lurie
1474,John Mahoney
1475,John Malkovich
1476,John Matthews
1477,John McGiver
1478,John McTiernan
1479,John Megna
1480,John Musker
1481,John Payne
1482,John Rafter Lee
1483,John Randolph
1484,John Ratzenberger
1485,John Rhys-Davies
1486,John Ridgely
1487,John Ritter
1488,John Roselius
1489,John Savage
1490,John Saxon
1491,John Schlesinger
1492,John Sharian
1493,John Singleton
1494,John Sturges
1495,John Travolta
1496,John Turturro
1497,John Wayne
1498,John Williams
1499,John Woo
1500,John Wray
1501,Johnny Depp
1502,Johnny Sekka
1503,Jon Avnet
1504,Jon Bernthal
1505,Jon Favreau
1506,Jon Hamm
1507,Jon Lovitz
1508,Jon Voight
1509,Jonah Hill
1510,Jonathan Dayton
1511,Jonathan Demme
1512,Jonathan Levine
1513,Jonathan Lynn
1514,Jonathan Pryce
1515,Jonathan Rhys Meyers
1516,Jong-ho Kim
1517,Jonny Lee Miller
1518,Jordan Nagai
1519,Jordan Peele
1520,José Baviera
1521,Jose Coronado
1522,José Lewgoy
1523,José Padilha
1524,Josef Altin
1525,Joseph A. Carpenter
1526,Joseph Calleia
1527,Joseph Cotten
1528,Joseph Fiennes
1529,Joseph Gordon-Levitt
1530,Joseph Kosinski
1531,Joseph L. Mankiewicz
1532,Joseph Lee
1533,Joseph Melito
1534,Joseph Sargent
1535,Joseph Schildkraut
1536,Joséphine Lebas-Joly
1537,Josh Boone
1538,Josh Brolin
1539,Josh Charles
1540,Josh Cooley
1541,Josh Hartnett
1542,Josh Lucas
1543,Josh O'Connor
1544,Joss Whedon
1545,Joyce Carey
1546,Juan Ferrara
1547,Juan José Campanella
1548,Judd Hirsch
1549,Judd Nelson
1550,Jude Law
1551,Judi Dench
1552,Judith Anderson
1553,Judith O'Dea
1554,Judy Davis
1555,Jules Dassin
1556,Julia Greer
1557,Julia Jones
1558,Julia Ormond
1559,Julia Roberts
1560,Julia Stiles
1561,Julian Arahanga
1562,Julian Dennison
1563,Julian Sands
1564,Julian Schnabel
1565,Juliane Köhler
1566,Julianne Moore
1567,Julianne Nicholson
1568,Julie Andrews
1569,Julie Christie
1570,Julie Delpy
1571,Julie Hagerty
1572,Julie Harris
1573,Julie Kavner
1574,Julie Walters
1575,Juliette Binoche
1576,Juliette Lewis
1577,Juliette Mayniel
1578,Jun Ji-Hyun
1579,June Squibb
1580,Jung-woo Ha
1581,Junko Iwao
1582,Jürgen Prochnow
1583,Jürgen Vogel
1584,Jüri Järvet
1585,Justin Bartha
1586,Justin Braine
1587,Justin Henry
1588,Justin Theroux
1589,Justin Timberlake
1590,Justine Waddell
1591,Jyoti Malshe
1592,Ka Tung Lam
1593,Kabir Khan
1594,Kad Merad
1595,Kagiso Kuypers
1596,Kaige Chen
1597,Kaitlyn Dever
1598,Kajol
1599,Kalina Jedrusik
1600,Kalki Koechlin
1601,Kamatari Fujiwara
1602,Kang Hye-jeong
1603,Kang-ho Song
1604,Kangana Ranaut
1605,Kappei Yamaguchi
1606,Kar-Wai Wong
1607,Kara Hayward
1608,Karan Johar
1609,Kåre Hedebrant
1610,Kareena Kapoor
1611,Karen Allen
1612,Karen Morley
1613,Kari Sylwan
1614,Karina Arroyave
1615,Karisma Kapoor
1616,Karl Hardman
1617,Karl Malden
1618,Karlheinz Böhm
1619,Kasi Lemmons
1620,Kassie Wesley DePaiva
1621,Kasumi Arimura
1622,Kate Ashfield
1623,Kate Hudson
1624,Kate Mara
1625,Kate Winslet
1626,Katharine Hepburn
1627,Katharine Houghton
1628,Katharine Ross
1629,Katherine Helmond
1630,Kathryn McGuire
1631,Kathy Bates
1632,Kátia Lund
1633,Katie A. Keane
1634,Katrin Cartlidge
1635,Katrin Saß
1636,Katrina Kaif
1637,Katsuhiro Ôtomo
1638,Katsunosuke Hori
1639,Kawsar Al Haddad
1640,Kay Kay Menon
1641,Kayoko Kishimoto
1642,Kazuko Yoshiyuki
1643,Kazunari Ninomiya
1644,Kazuya Tsurumaki
1645,Keanu Reeves
1646,Keenan Wynn
1647,Keiju Kobayashi
1648,Keiko Tsushima
1649,Keiko Yokozawa
1650,Keir Dullea
1651,Keira Knightley
1652,Keith David
1653,Kelsey Asbille
1654,Kemp Powers
1655,Ken Annakin
1656,Ken Foree
1657,Ken Leung
1658,Ken Loach
1659,Ken Stott
1660,Ken Watanabe
1661,Ken'ichi Hagiwara
1662,Ken'ichi Matsuyama
1663,Kenneth Branagh
1664,Kenneth Lonergan
1665,Kenshô Ono
1666,Keri Russell
1667,Kermit the Frog
1668,Kerry Washington
1669,Kevin Altieri
1670,Kevin Bacon
1671,Kevin Costner
1672,Kevin Jarre
1673,Kevin Macdonald
1674,Kevin McCarthy
1675,Kevin McKidd
1676,Kevin Peter Hall
1677,Kevin Reynolds
1678,Kevin Smith
1679,Kevin Spacey
1680,Ki-duk Kim
1681,Kiara Advani
1682,Kiefer Sutherland
1683,Kim Basinger
1684,Kim Byeong-Ok
1685,Kim Greist
1686,Kim Hunter
1687,Kim Min-hee
1688,Kim Novak
1689,Kim Sang-kyung
1690,Kim Tae-Woo
1691,Kim Uylenbroek
1692,Kim Yoon-seok
1693,Kim Young-Min
1694,Kimberly Stringer
1695,King Donovan
1696,Kinji Fukasaku
1697,Kirin Kiki
1698,Kirk Acevedo
1699,Kirk Douglas
1700,Kirk Wise
1701,Kirron Kher
1702,Kirsten Dunst
1703,Kirsten Sheridan
1704,Kirti Kulhari
1705,Kishori Ballal
1706,Kiyoshi Kobayashi
1707,Klaus Kinski
1708,Klaus Wennemann
1709,Kodi Smit-McPhee
1710,Kôichi Yamadera
1711,Kong Chu
1712,Konkona Sen Sharma
1713,Konstantin Lavronenko
1714,Kotoe Hatsui
1715,Koyu Rankin
1716,Kristen Wiig
1717,Kristina Adolphson
1718,Krzysztof Kieslowski
1719,Kumud Mishra
1720,Kurt Fuller
1721,Kurt Russell
1722,Kyle Chandler
1723,Kyle MacLachlan
1724,Kyôko Kagawa
1725,Kyung-jin Lee
1726,Lady Gaga
1727,Laia Costa
1728,Laila Robins
1729,Lamberto Maggiorani
1730,Lana Wachowski
1731,Lance Henriksen
1732,Lari White
1733,Larry Gates
1734,Lars Ranthe
1735,Lars von Trier
1736,Lasse Fogelstrøm
1737,Lasse Hallström
1738,Laura Dern
1739,Laura Harring
1740,Laura Linney
1741,Laura Obiols
1742,Laura Vasiliu
1743,Lauren Bacall
1744,Lauren Ridloff
1745,Laurence Fishburne
1746,Laurence Harvey
1747,Laurence Olivier
1748,Lawrence A. Bonney
1749,Lazar Ristovski
1750,Lea Massari
1751,Léa Seydoux
1752,Lea Thompson
1753,Leandro Firmino
1754,Lee Byung-Hun
1755,Lee Grant
1756,Lee J. Cobb
1757,Lee Marvin
1758,Lee Pace
1759,Lee Remick
1760,Lee Sun-kyun
1761,Lee Tamahori
1762,Lee Unkrich
1763,Lee Van Cleef
1764,Lee Yeong-ae
1765,Leigh Whannell
1766,Leila Hatami
1767,Leila Hyams
1768,Leland Orser
1769,Leland Palmer
1770,Lembit Ulfsak
1771,Lena Endre
1772,Lena Headey
1773,Lena Nyman
1774,Lenny Abrahamson
1775,Leo G. Carroll
1776,Leo McCarey
1777,Leo McKern
1778,Leon Lai
1779,Leonard Frey
1780,Leonard Nimoy
1781,Leonardo DiCaprio
1782,Leonie Benesch
1783,Leonor Watling
1784,Lesley Sharp
1785,Leslie Cheung
1786,Leslie Nielsen
1787,Leslie Odom Jr.
1788,Levent Semerci
1789,Lew Ayres
1790,Lewis Black
1791,Lewis Milestone
1792,Li Sun
1793,Liam Aiken
1794,Liam Cunningham
1795,Liam Neeson
1796,Lianella Carell
1797,Liesel Matthews
1798,Liev Schreiber
1799,Lil Dagover
1800,Lillete Dubey
1801,Lillian Gish
1802,Lillo Brancato
1803,Lilly Wachowski
1804,Lily Franky
1805,Lin-Manuel Miranda
1806,Lina Leandersson
1807,Linda Blair
1808,Linda Cardellini
1809,Linda Hamilton
1810,Linda Larkin
1811,Linda Manz
1812,Linda Zilliacus
1813,Lindsay Duncan
1814,Linh Dan Pham
1815,Lionel Barrymore
1816,Lisa Hannigan
1817,Lisa Haydon
1818,Lisa Spoonauer
1819,Lisanne Falk
1820,Liubomiras Laucevicius
1821,Liv Ullmann
1822,Liza Minnelli
1823,Ljubica Adzovic
1824,Lloyd Avery II
1825,Lloyd Bridges
1826,Logan Lerman
1827,Lola Dueñas
1828,Lorelei Linklater
1829,Lorella Cravotta
1830,Lori Martin
1831,Lorraine Bracco
1832,Lorraine Gary
1833,Lou Romano
1834,Louis Calhern
1835,Louis Eppolito
1836,Louis Hofmann
1837,Louis Malle
1838,Louis Prima
1839,Louis Wolheim
1840,Louise Fletcher
1841,Louise Lemoine Torrès
1842,Loveleen Tandan
1843,Luàna Bajrami
1844,Lubna Azabal
1845,Luc Besson
1846,Luca Guadagnino
1847,Lucas Hedges
1848,Lucie Mannheim
1849,Lucy Boynton
1850,Lucy Davis
1851,Lucy Liu
1852,Luis Buñuel
1853,Luis Guzmán
1854,Luis Tosar
1855,Lukas Moodysson
1856,Luke Bracey
1857,Lydia Wilson
1858,Lyubov Agapova
1859,M. Night Shyamalan
1860,Mabel Rivera
1861,Macaulay Culkin
1862,Macdonald Carey
1863,Machiko Kyô
1864,Mack Swain
1865,Mackenzie Foy
1866,Madeleine Carroll
1867,Madeleine Stowe
1868,Madeline Carroll
1869,Madeline Kahn
1870,Madhavan
1871,Mads Mikkelsen
1872,Mae Clarke
1873,Magali Noël
1874,Maggie Cheung
1875,Maggie Grace
1876,Maggie Smith
1877,Magnus Millang
1878,Mahershala Ali
1879,Mahesh Manjrekar
1880,Mahie Gill
1881,Mahito Tsujimura
1882,Majid Majidi
1883,Makio Inoue
1884,Makoto Shinkai
1885,Malcolm McDowell
1886,Malin Akerman
1887,Mamaengaroa Kerr-Bell
1888,Mami Koyama
1889,Mamoru Hosoda
1890,Mamoru Oshii
1891,Mandy Moore
1892,Mandy Patinkin
1893,Manjot Singh
1894,Manoj Bajpayee
1895,Manuel Morón
1896,Mara Krupp
1897,Marc Caro
1898,Marc Forster
1899,Marc Webb
1900,Marc-André Grondin
1901,Marcel Dalio
1902,Marcello Mastroianni
1903,Marcia Gay Harden
1904,Marco Giallini
1905,Mare Winningham
1906,Margaret Avery
1907,Margaret Livingston
1908,Margaret Lockwood
1909,Margaret Sullavan
1910,Margaret Wycherly
1911,Margaretha Krook
1912,Margarita Terekhova
1913,Margot Robbie
1914,Maria Doyle Kennedy
1915,Maria Falconetti
1916,Maria Grazia Cucinotta
1917,María Marull
1918,María Mercedes Villagra
1919,Maria Monti
1920,Marianne Koch
1921,Maribel Verdú
1922,Marie-Josée Croze
1923,Marie-Laure Dougnac
1924,Mariel Hemingway
1925,Marília Pêra
1926,Marilyn Eastman
1927,Marilyn Ghigliotti
1928,Marilyn Monroe
1929,Marina de Tavira
1930,Marina Vasileva
1931,Mario Casas
1932,Marion Cotillard
1933,Marion Mack
1934,Marisa Berenson
1935,Marisa Paredes
1936,Marisa Tomei
1937,Marius Goring
1938,Marjane Satrapi
1939,Mark Boone Junior
1940,Mark Hamill
1941,Mark Herman
1942,Mark Margolis
1943,Mark Osborne
1944,Mark Ruffalo
1945,Mark Rydell
1946,Mark Rylance
1947,Mark Strong
1948,Mark Wahlberg
1949,Markéta Irglová
1950,Markus Rygaard
1951,Marlene Dietrich
1952,Marlon Brando
1953,Marlon Wayans
1954,Martha Vickers
1955,Martin Balsam
1956,Martin Brest
1957,Martin Campbell
1958,Martin Freeman
1959,Martin Landau
1960,Martin McDonagh
1961,Martin Milner
1962,Martin Rosen
1963,Martin Scorsese
1964,Martin Sheen
1965,Martin Stringer
1966,Martin Zandvliet
1967,Martina Gedeck
1968,Marty Feldman
1969,Mary Astor
1970,Mary Elizabeth Mastrantonio
1971,Mary Harron
1972,Mary Kay Bergman
1973,Mary McDonnell
1974,Mary Steenburgen
1975,Mary Stuart Masterson
1976,Mary Tyler Moore
1977,Mary Ure
1978,Mary-Louise Parker
1979,Maryana Spivak
1980,Masaaki Ôkura
1981,Masahiko Nishimura
1982,Masahiro Motoki
1983,Masaki Kobayashi
1984,Masaki Okada
1985,Masayuki Mori
1986,Massimo Troisi
1987,Matheus Nachtergaele
1988,Mathieu Amalric
1989,Mathieu Kassovitz
1990,Matt Damon
1991,Matt Reeves
1992,Matt Ross
1993,Matt Stone
1994,Matthew Broderick
1995,Matthew Edison
1996,Matthew Goode
1997,Matthew Macfadyen
1998,Matthew McConaughey
1999,Matthew Modine
2000,Matthew Vaughn
2001,Matthew Warchus
2002,Matvey Novikov
2003,Maureen O'Hara
2004,Maureen O'Sullivan
2005,Maurice Evans
2006,Maurice Schutz
2007,Max Phipps
2008,Max Riemelt
2009,Max Schreck
2010,Max von Sydow
2011,Maxim Gaudette
2012,Maxine Audley
2013,May Whitty
2014,Mayu Matsuoka
2015,Mayumi Izuka
2016,Mayumi Tanaka
2017,Mckenna Grace
2018,Meat Loaf
2019,Meena
2020,Meg Ryan
2021,Meghna Gulzar
2022,Megs Jenkins
2023,Megumi Hayashibara
2024,Megumi Ogata
2025,Mehdi Nebbou
2026,Mehmet Ada Öztekin
2027,Mel Brooks
2028,Mel Gibson
2029,Mel Stuart
2030,Mélanie Laurent
2031,Mélanie Thierry
2032,Melinda Dillon
2033,Melisa Sözen
2034,Melissa Benoist
2035,Mélissa Désormeaux-Poulin
2036,Melissa Leo
2037,Melora Walters
2038,Melvyn Douglas
2039,Mercedes Morán
2040,Merian C. Cooper
2041,Merila Zare'i
2042,Merna Kennedy
2043,Mervyn LeRoy
2044,Meryl Streep
2045,Mete Horozoglu
2046,Mia Farrow
2047,Mía Maestro
2048,Mia Sara
2049,Michael Ansara
2050,Michael B. Jordan
2051,Michael Bates
2052,Michael Beck
2053,Michael Berryman
2054,Michael Biehn
2055,Michael Caine
2056,Michael Cimino
2057,Michael Clarke Duncan
2058,Michael Curtiz
2059,Michael Douglas
2060,Michael Ealy
2061,Michael Fassbender
2062,Michael Gambon
2063,Michael Haneke
2064,Michael J. Fox
2065,Michael J. Pollard
2066,Michael Keaton
2067,Michael Kenneth Williams
2068,Michael Lee Gogin
2069,Michael Madsen
2070,Michael Mann
2071,Michael McKean
2072,Michael Murphy
2073,Michael Nyqvist
2074,Michael Palin
2075,Michael Peña
2076,Michael Powell
2077,Michael Preston
2078,Michael Radford
2079,Michael Redgrave
2080,Michael Rennie
2081,Michael Schwartz
2082,Michael Sheen
2083,Michael Strong
2084,Michael Stuhlbarg
2085,Michael York
2086,Michel Auclair
2087,Michel Côté
2088,Michel Gondry
2089,Michel Hazanavicius
2090,Michel Piccoli
2091,Michel Robin
2092,Michelangelo Antonioni
2093,Michèle Caucheteux
2094,Michelle Dockery
2095,Michelle La
2096,Michelle Monaghan
2097,Michelle Pfeiffer
2098,Michelle Reis
2099,Michelle Rodriguez
2100,Michelle Williams
2101,Michelle Yeoh
2102,Mick Lally
2103,Mickey Rourke
2104,Miguel Ángel Fuentes
2105,Mikael Håfström
2106,Mikael Persbrandt
2107,Mike Judge
2108,Mike Leigh
2109,Mike Myers
2110,Mike Newell
2111,Mike Nichols
2112,Mike Vitar
2113,Miki Imai
2114,Mikkel Boe Følsgaard
2115,Mila Kunis
2116,Mila Parély
2117,Miles Teller
2118,Milhem Cortaz
2119,Milla Jovovich
2120,Milos Forman
2121,Mina Sadati
2122,Minami Takayama
2123,Ming-Na Wen
2124,Minori Terada
2125,Minoru Chiaki
2126,Miori Takimoto
2127,Mirai Shida
2128,Miranda Richardson
2129,Miriam Shor
2130,Mirjana Jokovic
2131,Misa Uehara
2132,Misha Meskhi
2133,Miss Piggy
2134,Mitchell Ryan
2135,Mitchell Whitfield
2136,Mithun Chakraborty
2137,Mitsuo Iwata
2138,Mitsutaka Itakura
2139,Miyu Irino
2140,Mohammad Amir Naji
2141,Mohanlal
2142,Mohit Raina
2143,Moira Shearer
2144,Molly Picon
2145,Molly Ringwald
2146,Mona Singh
2147,Mone Kamishiraishi
2148,Monica Viegas
2149,Mónica Villa
2150,Monica Vitti
2151,Montgomery Clift
2152,Moon So-Ri
2153,Morena Baccarin
2154,Morgan Freeman
2155,Moritz Bleibtreu
2156,Morten Tyldum
2157,Moustapha Akkad
2158,Muhammet Uzuner
2159,Mukesh Chhabra
2160,Mustafa Kamel
2161,Myrna Loy
2162,Nadine Labaki
2163,Nafise Jafar-Mohammadi
2164,Nakul Roshan Sahdev
2165,Nanako Matsushima
2166,Nancy Kyes
2167,Nancy Olson
2168,Naoko Yamada
2169,Naomi Watts
2170,Naomie Harris
2171,Nargis Fakhri
2172,Naseeruddin Shah
2173,Nastassja Kinski
2174,Nat Pendleton
2175,Nat Wolff
2176,Natalie Dessay
2177,Natalie Portman
2178,Natalie Wood
2179,Nataliya Vdovina
2180,Natalya Bondarchuk
2181,Nathalie Boltt
2182,Nathalie Delon
2183,Nathan Fillion
2184,Nathan Greno
2185,Nawazuddin Siddiqui
2186,Ned Beatty
2187,Neena Gupta
2188,Neeraj Kabi
2189,Neeraj Pandey
2190,Neeral Mulchandani
2191,Neil Brown Jr.
2192,Neil Burger
2193,Neil Patrick Harris
2194,Neill Blomkamp
2195,Nell Cattrysse
2196,Nicholas Hoult
2197,Nicholas Meyer
2198,Nicholas Ray
2199,Nick Cassavetes
2200,Nick Frost
2201,Nick Moran
2202,Nick Nolte
2203,Nick Offerman
2204,Nicolas Bro
2205,Nicolas Cage
2206,Nicolas Winding Refn
2207,Nicole Kidman
2208,Nicoletta Braschi
2209,Niels Arden Oplev
2210,Niels Arestrup
2211,Nigel Havers
2212,Nikkhil Advani
2213,Nikolay Burlyaev
2214,Nikolay Grinko
2215,Nikolay Sergeev
2216,Nils Poppe
2217,Nimrat Kaur
2218,Nina Petri
2219,Nina van Pallandt
2220,Nisa Sofiya Aksongur
2221,Nishikant Kamat
2222,Nitesh Tiwari
2223,Noah Baumbach
2224,Noah Emmerich
2225,Nobuo Kaneko
2226,Noémie Merlant
2227,Noomi Rapace
2228,Nora Gregor
2229,Nora Twomey
2230,Nora-Jane Noone
2231,Noriko Hidaka
2232,Norma Crane
2233,Norman Ferguson
2234,Norman Jewison
2235,Norman Reedus
2236,Norman Taurog
2237,Nozomu Sasaki
2238,Nurgül Yesilçay
2239,Nuri Bilge Ceylan
2240,Nursel Köse
2241,O.J. Simpson
2242,O'Shea Jackson Jr.
2243,Octavia Spencer
2244,Oka Antara
2245,Oksana Akinshina
2246,Oleg Yankovskiy
2247,Olga Baclanova
2248,Olga Mironova
2249,Oliver Hirschbiegel
2250,Oliver Reed
2251,Oliver Stokowski
2252,Oliver Stone
2253,Olivia Cooke
2254,Olivia de Havilland
2255,Olivia Wilde
2256,Olivia Williams
2257,Olivier Dahan
2258,Olivier Nakache
2259,Omar Sharif
2260,Omar Sy
2261,Ömer Faruk Sorak
2262,Oprah Winfrey
2263,Oriol Paulo
2264,Orlando Bloom
2265,Orson Welles
2266,Orto Ignatiussen
2267,Osamu Saka
2268,Oscar Isaac
2269,Oskar Werner
2270,Ossie Davis
2271,Otto Preminger
2272,Otto Sander
2273,Otto Wernicke
2274,Owen Wilson
2275,Ozan Güven
2276,Özge Özberk
2277,Pablo Rago
2278,Paddy Considine
2279,Paige O'Hara
2280,Pamela Adlon
2281,Paolo Bonacelli
2282,Paolo Genovese
2283,Paolo Sorrentino
2284,Paprika Steen
2285,Parambrata Chattopadhyay
2286,Paresh Rawal
2287,Pascal Benezech
2288,Pascal Greggory
2289,Patricia Arquette
2290,Patricia Clarkson
2291,Patricia Neal
2292,Patrick Fugit
2293,Patrick Horgan
2294,Patrick Huard
2295,Patrick Magee
2296,Patrick McGoohan
2297,Patrick Renna
2298,Patrick Stewart
2299,Patrick Wilson
2300,Patrick Wymark
2301,Patton Oswalt
2302,Paul Benjamin
2303,Paul Bettany
2304,Paul Dano
2305,Paul Frankeur
2306,Paul Freeman
2307,Paul Giamatti
2308,Paul Greengrass
2309,Paul Haggis
2310,Paul Henreid
2311,Paul King
2312,Paul Lukas
2313,Paul McCartney
2314,Paul McGann
2315,Paul McGuigan
2316,Paul Meurisse
2317,Paul Muni
2318,Paul Newman
2319,Paul Raci
2320,Paul Reiser
2321,Paul Rudd
2322,Paul Sanchez
2323,Paul Scofield
2324,Paul Thomas Anderson
2325,Paul Verhoeven
2326,Paul Winfield
2327,Paulette Dubost
2328,Paulette Goddard
2329,Pauline Burlet
2330,Pavel Ponomaryov
2331,Pawan Malhotra
2332,Payman Maadi
2333,Pedro Almodóvar
2334,Penelope Allen
2335,Penelope Ann Miller
2336,Penélope Cruz
2337,Penny Marshall
2338,Per Ragnar
2339,Pernilla Allwin
2340,Perry Lopez
2341,Pete Docter
2342,Pete Postlethwaite
2343,Peter Billingsley
2344,Peter Bogdanovich
2345,Peter Boyle
2346,Peter Brocco
2347,Peter Bull
2348,Peter Coyote
2349,Peter Dinklage
2350,Peter Farrelly
2351,Peter Finch
2352,Peter Jackson
2353,Peter Lorre
2354,Peter Mullan
2355,Peter O'Toole
2356,Peter Ostrum
2357,Peter Ramsey
2358,Peter Sellers
2359,Peter Stormare
2360,Peter van Eyck
2361,Peter Weir
2362,Peter Wyngarde
2363,Phil Harris
2364,Phil Lord
2365,Philip Chan
2366,Philip Kaufman
2367,Philip King
2368,Philip Seymour Hoffman
2369,Philippe Noiret
2370,Phillip Terry
2371,Phillipa Soo
2372,Phylicia Rashad
2373,Phyllis Logan
2374,Pierre Barbaud
2375,Pierre Brasseur
2376,Pierre Coffin
2377,Pierre Fresnay
2378,Pierre Morel
2379,Ping Lam Siu
2380,Piper Laurie
2381,Polly Bergen
2382,Porter Hall
2383,Prabhas
2384,Prakash Belawadi
2385,Prashanth Neel
2386,Prateik
2387,Predrag 'Miki' Manojlovic
2388,Preity Zinta
2389,Priscilla Lane
2390,Priscilla Presley
2391,Priya Anand
2392,Priyadarshan
2393,Priyanka Chopra
2394,Pruitt Taylor Vince
2395,Pupella Maggio
2396,Pushkar
2397,Qiu Yuen
2398,Quentin Tarantino
2399,Quinton Aaron
2400,R. Lee Ermey
2401,Rachel Griffiths
2402,Rachel House
2403,Rachel McAdams
2404,Rachel Shelley
2405,Rachel Ticotin
2406,Rachel Weisz
2407,Radha Mitchell
2408,Radhika Apte
2409,Raghuvir Yadav
2410,Rahi Anil Barve
2411,Raja Menon
2412,Rajat Barmecha
2413,Rajat Kapoor
2414,Rajesh Abhay
2415,Rajesh Khanna
2416,Rajit Kapoor
2417,Rajkumar Hirani
2418,Rajkumar Santoshi
2419,Rajkummar Rao
2420,Rakeysh Omprakash Mehra
2421,Ralph Bellamy
2422,Ralph Brown
2423,Ralph Fiennes
2424,Ralph Macchio
2425,Ralph Meeker
2426,Ralph Richardson
2427,Ram Kapoor
2428,Ramachandra Raju
2429,Ramesh Deo
2430,Ramesh Sippy
2431,Rami Malek
2432,Ramon Bieri
2433,Ramya Krishnan
2434,Rana Daggubati
2435,Ranbir Kapoor
2436,Randy Quaid
2437,Rani Mukerji
2438,Ranveer Singh
2439,Raoul Max Trujillo
2440,Raoul Walsh
2441,Raphael Fejtö
2442,Rashida Jones
2443,Raveena Tandon
2444,Ray Liotta
2445,Ray Milland
2446,Ray Sahetapy
2447,Ray Walston
2448,Raymond Massey
2449,Rebecca De Mornay
2450,Reda Kateb
2451,Reese Witherspoon
2452,Regina King
2453,Reginald Gardiner
2454,Reginald VelJohnson
2455,Rei Sakuma
2456,Ren Osugi
2457,Rena Owen
2458,Rene Auberjonois
2459,Rene Bitorajac
2460,René Laloux
2461,Rene Russo
2462,Renée Elise Goldsberry
2463,Renée Zellweger
2464,Reni Santoni
2465,Rex Harrison
2466,Rhonda Fleming
2467,Rian Johnson
2468,Rica Matsumoto
2469,Ricardo Darín
2470,Ricardo Montalban
2471,Rich Moore
2472,Richa Chadha
2473,Richard Armitage
2474,Richard Attenborough
2475,Richard Basehart
2476,Richard Briers
2477,Richard Brooks
2478,Richard Burton
2479,Richard Crenna
2480,Richard Curtis
2481,Richard Donner
2482,Richard Dormer
2483,Richard Dreyfuss
2484,Richard E. Grant
2485,Richard Edson
2486,Richard Farnsworth
2487,Richard Gere
2488,Richard Griffiths
2489,Richard Harris
2490,Richard Haydn
2491,Richard Hunt
2492,Richard Jenkins
2493,Richard Kelly
2494,Richard Lester
2495,Richard Linklater
2496,Richard Marquand
2497,Richard Masur
2498,Richard Rosson
2499,Richard Schenkman
2500,Richard Thorpe
2501,Richard Widmark
2502,Ricky Adelayitor
2503,Ricky Nelson
2504,Ridley Scott
2505,Riisa Naka
2506,Rima Te Wiata
2507,Ringo Starr
2508,Rita Hayworth
2509,Ritesh Batra
2510,River Phoenix
2511,Riz Ahmed
2512,RJ Cyler
2513,Rob Maxey
2514,Rob Minkoff
2515,Rob Reiner
2516,Robby Benson
2517,Robert Aldrich
2518,Robert Altman
2519,Robert Armstrong
2520,Robert Arthur
2521,Robert Benton
2522,Robert Clouse
2523,Robert Cummings
2524,Robert De Niro
2525,Robert Donat
2526,Robert Downey Jr.
2527,Robert Duvall
2528,Robert Gulaczyk
2529,Robert Hamer
2530,Robert Hays
2531,Robert Manuel
2532,Robert Mitchum
2533,Robert Morley
2534,Robert Mulligan
2535,Robert Patrick
2536,Robert Redford
2537,Robert Rodriguez
2538,Robert Rossen
2539,Robert Ryan
2540,Robert Sean Leonard
2541,Robert Shaw
2542,Robert Stack
2543,Robert Stevenson
2544,Robert Strauss
2545,Robert Walker
2546,Robert Wiene
2547,Robert Wise
2548,Robert Zemeckis
2549,Roberta Maxwell
2550,Roberto Benigni
2551,Roberts Blossom
2552,Robin Williams
2553,Robin Wright
2554,Rock Hudson
2555,Rod Steiger
2556,Rod Taylor
2557,Roddy McDowall
2558,Rodney A. Grant
2559,Rodney Rothman
2560,Rodrigo De la Serna
2561,Roe-ha Kim
2562,Roger Allers
2563,Roger Donaldson
2564,Rohini Hattangadi
2565,Roland Joffé
2566,Roland Møller
2567,Rolf Lassgård
2568,Roman Griffin Davis
2569,Roman Madyanov
2570,Roman Polanski
2571,Romolo Valli
2572,Ron Clements
2573,Ron Howard
2574,Ron Livingston
2575,Ronit Roy
2576,Ronnie Del Carmen
2577,Ronny Cox
2578,Ronny Yu
2579,Rooney Mara
2580,Rory Cochrane
2581,Rosalind Russell
2582,Rosamund Pike
2583,Rosanna Arquette
2584,Rosario Dawson
2585,Rosario Flores
2586,Roscoe Ates
2587,Roscoe Karns
2588,Rosemarie DeWitt
2589,Rosemary Murphy
2590,Roshan Seth
2591,Rosie Shaw
2592,Roy Dotrice
2593,Roy Kinnear
2594,Roy Scheider
2595,Ruben Fleischer
2596,Ruby Dee
2597,Rudolf Klein-Rogge
2598,Rudy Youngblood
2599,Rufus
2600,Rufus Sewell
2601,Rumi Hiiragi
2602,Ruocheng Ying
2603,Rupert Friend
2604,Rupert Graves
2605,Rupert Grint
2606,Russell Brand
2607,Russell Crowe
2608,Russell Means
2609,Rusty Schwimmer
2610,Rutger Hauer
2611,Ruth Gordon
2612,Ruth Hussey
2613,Ruth Nelson
2614,Ruth Roman
2615,Ruy Guerra
2616,Ryan Coogler
2617,Ryan Gosling
2618,Ryan Hurst
2619,Ryan O'Neal
2620,Ryan Potter
2621,Ryan Reynolds
2622,Ryô Kase
2623,Ryô Narita
2624,Ryôko Hirosue
2625,Ryûnosuke Kamiki
2626,S.S. Rajamouli
2627,Sabrina Ferilli
2628,Sacha Baron Cohen
2629,Sady Rebbot
2630,Sae-ron Kim
2631,Saeed Jaffrey
2632,Safak Sezer
2633,Sagarika Ghatge
2634,Sahil Vaid
2635,Saïd Taghmaoui
2636,Saif Ali Khan
2637,Saifei He
2638,Sakshi Tanwar
2639,Sakura Andô
2640,Sal Mineo
2641,Salim Kechiouche
2642,Sally Field
2643,Sally Hawkins
2644,Sally Yeh
2645,Salman Khan
2646,Sam Elliott
2647,Sam Jaffe
2648,Sam Mendes
2649,Sam Neill
2650,Sam Peckinpah
2651,Sam Raimi
2652,Sam Riley
2653,Sam Rockwell
2654,Sam Shepard
2655,Sam Waterston
2656,Sam Wood
2657,Sam Worthington
2658,Samantha Isler
2659,Samantha Morton
2660,Samia Kerbash
2661,Samuel Armstrong
2662,Samuel E. Wright
2663,Samuel L. Jackson
2664,Sandra Bernhard
2665,Sandra Bullock
2666,Sandra Milo
2667,Sandy Dennis
2668,Sanjana Sanghi
2669,Sanjay Dutt
2670,Sanjay Leela Bhansali
2671,Sanjeev Kumar
2672,Sanya Malhotra
2673,Saoirse Ronan
2674,Saori Hayami
2675,Sara Takatsuki
2676,Sarah Berry
2677,Sarah Bolger
2678,Sarah Jessica Parker
2679,Sarah Miles
2680,Sarah Polley
2681,Sarah Roemer
2682,Sarah Silverman
2683,Sarah Vowell
2684,Sareh Bayat
2685,Saswata Chatterjee
2686,Sathyaraj
2687,Satoshi Kon
2688,Saurabh Shukla
2689,Scarlett Johansson
2690,Scatman Crothers
2691,Scott Adsit
2692,Scott Glenn
2693,Scott H. Reiniger
2694,Scott Hicks
2695,Scott Schwartz
2696,Scott Weinger
2697,Seamus Davey-Fitzpatrick
2698,Sean Astin
2699,Sean Baker
2700,Sean Bean
2701,Sean Bridgers
2702,Sean Connery
2703,Sean Patrick Flanery
2704,Sean Penn
2705,Sean Young
2706,Sebastian Cabot
2707,Sebastian Koch
2708,Sebastian Maniscalco
2709,Sebastian Schipper
2710,Sela Ward
2711,Sener Sen
2712,Sergei M. Eisenstein
2713,Sergi López
2714,Sergio Leone
2715,Sergio Pablos
2716,Sermin Hürmeriç
2717,Sessue Hayakawa
2718,Seth Rogen
2719,Setsuko Hara
2720,Seung-Yun Lee
2721,Seymour Cassel
2722,Shah Rukh Khan
2723,Shahab Hosseini
2724,Shahid Kapoor
2725,Shailene Woodley
2726,Shameik Moore
2727,Shammi Kapoor
2728,Shane Meadows
2729,Sharlto Copley
2730,Sharman Joshi
2731,Sharon Percy
2732,Sharon Stone
2733,Sheetal Menon
2734,Shelley Duvall
2735,Shelley Winters
2736,Shernaz Patel
2737,Shigeru Muroi
2738,Shigesato Itoi
2739,Shilpa Shukla
2740,Shima Iwashita
2741,Shimit Amin
2742,Shin Ha-kyun
2743,Shin'ichi Himori
2744,Shin'ichirô Watanabe
2745,Shinpachi Tsuji
2746,Shirley Eaton
2747,Shirley MacLaine
2748,Shishir Sharma
2749,Shôgo Furuya
2750,Shoojit Sircar
2751,Shraddha Kapoor
2752,Shraddha Srinath
2753,Shriya Saran
2754,Shûichirô Moriyama
2755,Shûsuke Kaneko
2756,Sibel Kekilli
2757,Siddharth
2758,Sidney Blackmer
2759,Sidney Lumet
2760,Sidney Poitier
2761,Sidse Babett Knudsen
2762,Sienna Miller
2763,Sigourney Weaver
2764,Silvia Pinal
2765,Simon Pegg
2766,Simon Yam
2767,Simone Signoret
2768,Sissy Spacek
2769,Siu-Lung Leung
2770,Siu-Wong Fan
2771,Slavko Stimac
2772,Slim Pickens
2773,Smit Sheth
2774,Sô Yamamura
2775,Sofia Coppola
2776,Soha Ali Khan
2777,Sohum Shah
2778,Soia Lira
2779,Soledad Villamil
2780,Solveig Dommartin
2781,Sonam Kapoor
2782,Sondra Locke
2783,Song Wok-suk
2784,Sonia Todd
2785,Sonoya Mizuno
2786,Sophie Kennedy Clark
2787,Sophie Marceau
2788,Sophie Okonedo
2789,Sophie Perry
2790,Spencer Tracy
2791,Spike Jonze
2792,Spike Lee
2793,Srdjan 'Zika' Todorovic
2794,Sridevi
2795,Srinidhi Shetty
2796,Sriram Raghavan
2797,Stanislas Carré de Malberg
2798,Stanley Baker
2799,Stanley Donen
2800,Stanley Holloway
2801,Stanley Kramer
2802,Stanley Kubrick
2803,Stefania Sandrelli
2804,Stella Dassas
2805,Stellan Skarsgård
2806,Stephen Baldwin
2807,Stephen Boyd
2808,Stephen Chbosky
2809,Stephen Chow
2810,Stephen Daldry
2811,Stephen Frears
2812,Stephen Graham
2813,Stephen Rea
2814,Stephen Tobolowsky
2815,Stephen Trask
2816,Stephen Young
2817,Sterling Hayden
2818,Steve Buscemi
2819,Steve Carell
2820,Steve Coogan
2821,Steve Martin
2822,Steve McQueen
2823,Steve Zahn
2824,Steven Bauer
2825,Steven Soderbergh
2826,Steven Spielberg
2827,Strother Martin
2828,Stuart Rosenberg
2829,Stuart Wolfenden
2830,Sudha Kongara
2831,Sujoy Ghosh
2832,Sully Boyar
2833,Sumi Shimamoto
2834,Sumita Sanyal
2835,Sunil Dutt
2836,Sunil Shetty
2837,Sunny Pawar
2838,Suraj Sharma
2839,Suriya
2840,Susan Harrison
2841,Susanne Bier
2842,Susanne Lothar
2843,Sushant Singh Rajput
2844,Susumu Terajima
2845,Suzanne Clément
2846,Suzanne Pleshette
2847,Sylvain Chomet
2848,Sylvester Stallone
2849,Sylvia Hoeks
2850,Sylvia Miles
2851,Sylvie Testud
2852,T.J. Miller
2853,Taapsee Pannu
2854,Tabu
2855,Tae-hoon Kim
2856,Tae-Hyun Cha
2857,Tahar Rahim
2858,Taika Waititi
2859,Takako Matsu
2860,Takao Osawa
2861,Takashi Shimura
2862,Takashi Tachibana
2863,Takeshi Aono
2864,Takeshi Kaneshiro
2865,Takeshi Kitano
2866,Takuya Ishida
2867,Takuya Kimura
2868,Talia Shire
2869,Tallulah Bankhead
2870,Tamannaah Bhatia
2871,Taner Birsel
2872,Taraji P. Henson
2873,Taraneh Alidoosti
2874,Tarô Yamamoto
2875,Taron Egerton
2876,Tarsem Singh
2877,Tarun Arora
2878,Tate Taylor
2879,Tatsuya Fujiwara
2880,Tatsuya Gashûin
2881,Tatsuya Nakadai
2882,Tatum O'Neal
2883,Taylor Hackford
2884,Taylor Sheridan
2885,Ted Demme
2886,Ted Kotcheff
2887,Telly Savalas
2888,Temuera Morrison
2889,Tensai Okamura
2890,Teo Briones
2891,Terence Alexander
2892,Terence Young
2893,Teresa Mo
2894,Teresa Palmer
2895,Teresa Wright
2896,Teri Garr
2897,Teri Hatcher
2898,Terrence Howard
2899,Terrence Malick
2900,Terry George
2901,Terry Gilliam
2902,Terry Jones
2903,Tessa Mitchell
2904,Tessa Thompson
2905,Tesshô Genda
2906,Tetsurô Tanba
2907,Tetsuya Nakashima
2908,Thandie Newton
2909,Thelma Ritter
2910,Theodore Liscinski
2911,Theodore Melfi
2912,Thibault Verhaeghe
2913,Thierry Lhermitte
2914,Thierry van Werveke
2915,Thom Hoffman
2916,Thomas Bo Larsen
2917,Thomas F. Wilson
2918,Thomas Jahn
2919,Thomas Kail
2920,Thomas Kretschmann
2921,Thomas Mann
2922,Thomas Mitchell
2923,Thomas Turgoose
2924,Thomas Vinterberg
2925,Thomasin McKenzie
2926,Thora Birch
2927,Tigmanshu Dhulia
2928,Til Schweiger
2929,Tilda Swinton
2930,Tim Allen
2931,Tim Blake Nelson
2932,Tim Burton
2933,Tim Holt
2934,Tim McGraw
2935,Tim Miller
2936,Tim Robbins
2937,Tim Roth
2938,Timothée Chalamet
2939,Timothy Bottoms
2940,Timothy Hutton
2941,Timothy Spall
2942,Tina Fey
2943,Tiny Sandford
2944,Tippi Hedren
2945,Tisca Chopra
2946,Tobey Maguire
2947,Toby Kebbell
2948,Tod Browning
2949,Todd Haynes
2950,Todd Phillips
2951,Todd Solondz
2952,Tokiko Katô
2953,Tom Berenger
2954,Tom Cruise
2955,Tom Guiry
2956,Tom Hanks
2957,Tom Hardy
2958,Tom Helmore
2959,Tom Hiddleston
2960,Tom Hooper
2961,Tom Hulce
2962,Tom McCarthy
2963,Tom Murray
2964,Tom Prior
2965,Tom Sizemore
2966,Tom Skerritt
2967,Tom Tykwer
2968,Tom Waits
2969,Tom Wilkinson
2970,Tomas Alfredson
2971,Tomm Moore
2972,Tommy Chong
2973,Tommy Lee Jones
2974,Tomoko Yamaguchi
2975,Toni Collette
2976,Toni Servillo
2977,Tony Bancroft
2978,Tony Chiu-Wai Leung
2979,Tony Curtis
2980,Tony Hale
2981,Tony Kaye
2982,Tony Lo Bianco
2983,Tony Moran
2984,Tony Roberts
2985,Tony Scott
2986,Tony Todd
2987,Topol
2988,Tôru Emori
2989,Tôru Furuya
2990,Toshirô Mifune
2991,Toshirô Yanagiba
2992,Travis Knight
2993,Treat Williams
2994,Trevor Howard
2995,Trevor Jack Brooks
2996,Trey Parker
2997,Trine Dyrholm
2998,Troy Duffy
2999,Tsunehiko Kamijô
3000,Tsutomu Tatsumi
3001,Tsutomu Yamazaki
3002,Tsuyoshi Ihara
3003,Tugba Sunguroglu
3004,Tuncel Kurtiz
3005,Tung Cho 'Joe' Cheung
3006,Tyler Hoechlin
3007,Tyler Nilson
3008,Tyler Perry
3009,Tyrone Power
3010,Ugur Yücel
3011,Ulla Jacobsson
3012,Ulrich Matthes
3013,Ulrich Mühe
3014,Ulrich Thomsen
3015,Ulrich Tukur
3016,Uma Thurman
3017,Umesh Shukla
3018,Val Kilmer
3019,Valentin Zubkov
3020,Valeria Golino
3021,Valerie Faris
3022,Valerie Hobson
3023,Vanessa Redgrave
3024,Vanna Urbino
3025,Varun Sharma
3026,Veerle Baetens
3027,Véra Clouzot
3028,Vera Miles
3029,Verna Bloom
3030,Vernon Dobtcheff
3031,Veronica Cartwright
3032,Vicellous Shannon
3033,Vicky Jenson
3034,Vicky Kaushal
3035,Victor Buono
3036,Victor Fleming
3037,Victor Jory
3038,Victor Sjöström
3039,Victor Slezak
3040,Victoria Horne
3041,Vidya Balan
3042,Vidya Malvade
3043,Viggo Mortensen
3044,Vijay Raaz
3045,Vijay Sethupathi
3046,Vijay Varma
3047,Vikas Bahl
3048,Vikramaditya Motwane
3049,Vin Diesel
3050,Vince Edwards
3051,Vince Vaughn
3052,Vincent Cassel
3053,Vincent D'Onofrio
3054,Vincent Paronnaud
3055,Vincent Price
3056,Ving Rhames
3057,Vinícius de Oliveira
3058,Viola Davis
3059,Virginia Cherrill
3060,Virginia Mayo
3061,Vishal Bhardwaj
3062,Vittorio De Sica
3063,Vivian Pickles
3064,Vivien Leigh
3065,Vlad Ivanov
3066,Vladas Bagdonas
3067,Vladimir Barskiy
3068,Vladimir Garin
3069,Vladimir Vdovichenkov
3070,Vladislav Dvorzhetskiy
3071,W.S. Van Dyke
3072,Wagner Moura
3073,Wah Yuen
3074,Wallace Ford
3075,Walter Brennan
3076,Walter Catlett
3077,Walter Connolly
3078,Walter Hampden
3079,Walter Hill
3080,Walter Huston
3081,Walter Matthau
3082,Walter Salles
3083,Walter Slezak
3084,Walton Goggins
3085,Ward Bond
3086,Warren Beatty
3087,Warren Clarke
3088,Warren Oates
3089,Wendee Lee
3090,Wendell Corey
3091,Wendy Crewson
3092,Wendy Hiller
3093,Werner Herzog
3094,Werner Krauss
3095,Wes Anderson
3096,Wes Bentley
3097,Wesley Addy
3098,Whoopi Goldberg
3099,Wil Johnson
3100,Wil Wheaton
3101,Wiley Wiggins
3102,Wilford Brimley
3103,Wilfrid Hyde-White
3104,Will Ferrell
3105,Will Forte
3106,Will Patton
3107,Will Poulter
3108,Will Smith
3109,Willem Dafoe
3110,William Atherton
3111,William Bendix
3112,William Daniels
3113,William Friedkin
3114,William H. Lynn
3115,William H. Macy
3116,William Harrigan
3117,William Hickey
3118,William Holden
3119,William Hurt
3120,William Keighley
3121,William Powell
3122,William Sadler
3123,William Shatner
3124,William Sylvester
3125,William Wyler
3126,Wilson Yip
3127,Wim Wenders
3128,Winona Ryder
3129,Wladyslaw Kowalski
3130,Wolfgang Becker
3131,Wolfgang Lukschy
3132,Wolfgang Petersen
3133,Wolfgang Reitherman
3134,Won Bin
3135,Wood Harris
3136,Woody Allen
3137,Woody Harrelson
3138,Wotan Wilke Möhring
3139,Xavier Dolan
3140,Xolani Mali
3141,Yacef Saadi
3142,Yalitza Aparicio
3143,Yami Gautam
3144,Yann Samuell
3145,Yash
3146,Yash Chopra
3147,Yasujirô Ozu
3148,Yasuo Yamada
3149,Yavuz Turgul
3150,Yayan Ruhian
3151,Yeong-hie Seo
3152,Yeong-su Oh
3153,Yesim Salkim
3154,Yilmaz Erdogan
3155,Yimou Zhang
3156,Yôji Matsuda
3157,Yôjirô Takita
3158,Yoko Honna
3159,Yôko Tsukasa
3160,Yong Dong
3161,Yoo Ji-Tae
3162,Yoo-Jeong Kim
3163,Yordanos Shiferaw
3164,Yoshiaki Kawajiri
3165,Yoshiaki Umegaki
3166,Yoshifumi Kondô
3167,Yoshiko Shinohara
3168,Yoshino Kimura
3169,Yoshiyuki Takei
3170,You Ge
3171,Yû Kashii
3172,Yukiko Shimazaki
3173,Yukito Nishii
3174,Yûko Miyamura
3175,Yûko Tanaka
3176,Yul Brynner
3177,Yun Qu
3178,Yun-Fat Chow
3179,Yûnosuke Itô
3180,Yuriko Ishida
3181,Yutaka Sada
3182,Yves Montand
3183,Yvonne Furneaux
3184,Zac Mattoon O'Brien
3185,Zach Galifianakis
3186,Zach Grenier
3187,Zachary Levi
3188,Zachary Quinto
3189,Zack Gottsagen
3190,Zack Snyder
3191,Zain Al Rafeea
3192,Zamira Saunders
3193,Zarah Jane McKenzie
3194,Zaza Urushadze
3195,Zazie Beetz
3196,Zbigniew Zamachowski
3197,Zeppo Marx
3198,Ziyi Zhang
3199,Zoë Kravitz
3200,Zoe Saldana
3201,Zooey Deschanel
3202,Zoya Akhtar